InvoiceID,VendorID,VendorName,Country,VendorCurrency,InvoiceDate,DueDate,PaymentDate,InvoiceAmount,InvoiceCurrency,Status,PaymentID,ActualPaymentDate,PaymentAmount,PaymentCurrency,DaysToPay,IsOverdue,OutstandingAmount
1001,1,CleanPro Services,UK,GBP,2023-01-05,2023-02-04,2023-02-02,185.0,GBP,Paid,P001,2023-02-02,185.0,GBP,28.0,0,0
1002,3,TechFix IT Support,UK,GBP,2023-01-07,2023-02-06,2023-02-15,620.0,GBP,Paid Late,P002,2023-02-15,620.0,GBP,39.0,0,0
1003,2,FreshFoods Wholesale,UK,GBP,2023-01-10,2023-01-24,2023-01-20,1420.0,GBP,Paid,P003,2023-01-20,1420.0,GBP,10.0,0,0
1004,5,EuroLogistics Transport,DE,EUR,2023-01-12,2023-02-11,2023-02-20,980.0,EUR,Paid Late,P004,2023-02-20,980.0,EUR,39.0,0,0
1005,7,SecureGuard Maintenance,UK,GBP,2023-01-15,2023-03-16,,3400.0,GBP,Unpaid,,,,,,1,3400.0
1006,4,OfficeHub Supplies,UK,GBP,2023-01-18,2023-03-04,2023-03-10,265.0,GBP,Paid Late,P005,2023-03-10,265.0,GBP,51.0,0,0
1007,6,LinenPro Solutions,UK,GBP,2023-01-20,2023-02-19,2023-02-18,510.0,GBP,Paid,P006,2023-02-18,510.0,GBP,29.0,0,0
1008,8,GreenLeaf Waste Management,UK,GBP,2023-01-22,2023-02-21,,780.0,GBP,Overdue,,,,,,1,780.0
1009,10,BlueWave Marketing,UK,GBP,2023-01-25,2023-02-24,2023-02-28,1250.0,GBP,Paid Late,P007,2023-02-28,1250.0,GBP,34.0,0,0
1010,11,PrimeBeverage Distribution,UK,GBP,2023-01-28,2023-02-11,2023-02-10,395.0,GBP,Paid,P008,2023-02-10,395.0,GBP,13.0,0,0
1011,12,NorthStar Consulting,UK,GBP,2023-02-01,2023-03-02,,2100.0,GBP,Unpaid,,,,,,1,2100.0
1012,14,EuroFresh Produce,NL,EUR,2023-02-03,2023-02-17,2023-02-25,860.0,EUR,Paid Late,P009,2023-02-25,860.0,EUR,22.0,0,0
1013,15,FixRight Electrical,UK,GBP,2023-02-05,2023-03-06,2023-03-05,145.0,GBP,Paid,P010,2023-03-05,145.0,GBP,28.0,0,0
1014,16,PrintWorks Media,UK,GBP,2023-02-07,2023-03-09,,320.0,GBP,Unpaid,,,,,,1,320.0
1015,17,SafeRoute Transport,UK,GBP,2023-02-10,2023-03-12,2023-03-20,1120.0,GBP,Paid Late,P011,2023-03-20,1120.0,GBP,38.0,0,0
1016,18,UltraClean Hygiene,UK,GBP,2023-02-12,2023-03-13,2023-03-10,275.0,GBP,Paid,P012,2023-03-10,275.0,GBP,26.0,0,0
1017,19,DataCore Cloud Services,UK,GBP,2023-02-14,2023-03-15,,680.0,GBP,Unpaid,,,,,,1,680.0
1018,20,MetroCatering Supplies,UK,GBP,2023-02-16,2023-03-02,2023-03-01,540.0,GBP,Paid,P013,2023-03-01,540.0,GBP,13.0,0,0
1019,1,CleanPro Services,UK,GBP,2023-02-18,2023-03-20,2023-03-25,195.0,GBP,Paid Late,P014,2023-03-25,195.0,GBP,35.0,0,0
1020,3,TechFix IT Support,UK,GBP,2023-02-20,2023-03-22,,720.0,GBP,Unpaid,,,,,,1,720.0
1021,2,FreshFoods Wholesale,UK,GBP,2023-02-22,2023-03-08,2023-03-07,1580.0,GBP,Paid,P015,2023-03-07,1580.0,GBP,13.0,0,0
1022,5,EuroLogistics Transport,DE,EUR,2023-02-25,2023-03-27,2023-04-05,1120.0,EUR,Paid Late,P016,2023-04-05,1120.0,EUR,39.0,0,0
1023,7,SecureGuard Maintenance,UK,GBP,2023-02-27,2023-04-28,,3800.0,GBP,Unpaid,,,,,,1,3800.0
1024,4,OfficeHub Supplies,UK,GBP,2023-03-01,2023-04-15,2023-04-20,295.0,GBP,Paid Late,P017,2023-04-20,295.0,GBP,50.0,0,0
1025,6,LinenPro Solutions,UK,GBP,2023-03-03,2023-04-02,2023-04-01,480.0,GBP,Paid,P018,2023-04-01,480.0,GBP,29.0,0,0
1026,8,GreenLeaf Waste Management,UK,GBP,2023-03-05,2023-04-04,,820.0,GBP,Overdue,,,,,,1,820.0
1027,10,BlueWave Marketing,UK,GBP,2023-03-07,2023-04-06,2023-04-10,1320.0,GBP,Paid Late,P019,2023-04-10,1320.0,GBP,34.0,0,0
1028,11,PrimeBeverage Distribution,UK,GBP,2023-03-10,2023-03-24,2023-03-23,410.0,GBP,Paid,P020,2023-03-23,410.0,GBP,13.0,0,0
1029,12,NorthStar Consulting,UK,GBP,2023-03-12,2023-04-11,,2250.0,GBP,Unpaid,,,,,,1,2250.0
1030,14,EuroFresh Produce,NL,EUR,2023-03-14,2023-03-28,2023-04-02,910.0,EUR,Paid Late,P021,2023-04-02,910.0,EUR,19.0,0,0
1031,15,FixRight Electrical,UK,GBP,2023-03-16,2023-04-15,2023-04-14,160.0,GBP,Paid,P022,2023-04-14,160.0,GBP,29.0,0,0
1032,16,PrintWorks Media,UK,GBP,2023-03-18,2023-04-17,,350.0,GBP,Unpaid,,,,,,1,350.0
1033,17,SafeRoute Transport,UK,GBP,2023-03-20,2023-04-19,2023-04-25,1180.0,GBP,Paid Late,P023,2023-04-25,1180.0,GBP,36.0,0,0
1034,18,UltraClean Hygiene,UK,GBP,2023-03-22,2023-04-21,2023-04-20,290.0,GBP,Paid,P024,2023-04-20,290.0,GBP,29.0,0,0
1035,19,DataCore Cloud Services,UK,GBP,2023-03-24,2023-04-23,,720.0,GBP,Unpaid,,,,,,1,720.0
1036,20,MetroCatering Supplies,UK,GBP,2023-03-26,2023-04-09,2023-04-08,560.0,GBP,Paid,P025,2023-04-08,560.0,GBP,13.0,0,0
1037,1,CleanPro Services,UK,GBP,2023-03-28,2023-04-27,2023-05-02,205.0,GBP,Paid Late,P026,2023-05-02,205.0,GBP,35.0,0,0
1038,3,TechFix IT Support,UK,GBP,2023-03-30,2023-04-29,,750.0,GBP,Unpaid,,,,,,1,750.0
1039,2,FreshFoods Wholesale,UK,GBP,2023-04-01,2023-04-15,2023-04-14,1620.0,GBP,Paid,P027,2023-04-14,1620.0,GBP,13.0,0,0
1040,5,EuroLogistics Transport,DE,EUR,2023-04-03,2023-05-03,2023-05-12,1180.0,EUR,Paid Late,P028,2023-05-12,1180.0,EUR,39.0,0,0
1041,7,SecureGuard Maintenance,UK,GBP,2023-04-05,2023-06-04,,3950.0,GBP,Unpaid,,,,,,1,3950.0
1042,4,OfficeHub Supplies,UK,GBP,2023-04-07,2023-05-21,2023-05-25,310.0,GBP,Paid Late,P029,2023-05-25,310.0,GBP,48.0,0,0
1043,6,LinenPro Solutions,UK,GBP,2023-04-09,2023-05-09,2023-05-08,495.0,GBP,Paid,P030,2023-05-08,495.0,GBP,29.0,0,0
1044,8,GreenLeaf Waste Management,UK,GBP,2023-04-11,2023-05-11,,840.0,GBP,Overdue,,,,,,1,840.0
1045,10,BlueWave Marketing,UK,GBP,2023-04-13,2023-05-13,2023-05-17,1380.0,GBP,Paid Late,P031,2023-05-17,1380.0,GBP,34.0,0,0
1050,11,PrimeBeverage Distribution,UK,GBP,2023-04-15,2023-04-29,2023-04-28,430.0,GBP,Paid,P032,2023-04-28,430.0,GBP,13.0,0,0
1051,12,NorthStar Consulting,UK,GBP,2023-04-17,2023-05-17,,2350.0,GBP,Unpaid,,,,,,1,2350.0
1052,14,EuroFresh Produce,NL,EUR,2023-04-19,2023-05-03,2023-05-10,940.0,EUR,Paid Late,P033,2023-05-10,940.0,EUR,21.0,0,0
1053,15,FixRight Electrical,UK,GBP,2023-04-21,2023-05-21,2023-05-20,175.0,GBP,Paid,P034,2023-05-20,175.0,GBP,29.0,0,0
1054,16,PrintWorks Media,UK,GBP,2023-04-23,2023-05-23,,360.0,GBP,Unpaid,,,,,,1,360.0
1055,17,SafeRoute Transport,UK,GBP,2023-04-25,2023-05-25,2023-06-01,1220.0,GBP,Paid Late,P035,2023-06-01,1220.0,GBP,37.0,0,0
1056,18,UltraClean Hygiene,UK,GBP,2023-04-27,2023-05-27,2023-05-26,305.0,GBP,Paid,P036,2023-05-26,305.0,GBP,29.0,0,0
1057,19,DataCore Cloud Services,UK,GBP,2023-04-29,2023-05-29,,740.0,GBP,Unpaid,,,,,,1,740.0
1058,20,MetroCatering Supplies,UK,GBP,2023-05-01,2023-05-15,2023-05-14,580.0,GBP,Paid,P037,2023-05-14,580.0,GBP,13.0,0,0
1059,1,CleanPro Services,UK,GBP,2023-05-03,2023-06-02,2023-06-07,215.0,GBP,Paid Late,P038,2023-06-07,215.0,GBP,35.0,0,0
1060,3,TechFix IT Support,UK,GBP,2023-05-05,2023-06-04,,780.0,GBP,Unpaid,,,,,,1,780.0
1061,2,FreshFoods Wholesale,UK,GBP,2023-05-07,2023-05-21,2023-05-20,1650.0,GBP,Paid,P039,2023-05-20,1650.0,GBP,13.0,0,0
1062,5,EuroLogistics Transport,DE,EUR,2023-05-09,2023-06-08,2023-06-18,1220.0,EUR,Paid Late,P040,2023-06-18,1220.0,EUR,40.0,0,0
1063,7,SecureGuard Maintenance,UK,GBP,2023-05-11,2023-07-10,,4100.0,GBP,Unpaid,,,,,,1,4100.0
1064,4,OfficeHub Supplies,UK,GBP,2023-05-13,2023-06-27,2023-06-30,330.0,GBP,Paid Late,P041,2023-06-30,330.0,GBP,48.0,0,0
1065,6,LinenPro Solutions,UK,GBP,2023-05-15,2023-06-14,2023-06-13,510.0,GBP,Paid,P042,2023-06-13,510.0,GBP,29.0,0,0
1066,8,GreenLeaf Waste Management,UK,GBP,2023-05-17,2023-06-16,,860.0,GBP,Overdue,,,,,,1,860.0
1067,10,BlueWave Marketing,UK,GBP,2023-05-19,2023-06-18,2023-06-22,1420.0,GBP,Paid Late,P043,2023-06-22,1420.0,GBP,34.0,0,0
1068,11,PrimeBeverage Distribution,UK,GBP,2023-05-21,2023-06-04,2023-06-03,445.0,GBP,Paid,P044,2023-06-03,445.0,GBP,13.0,0,0
1069,12,NorthStar Consulting,UK,GBP,2023-05-23,2023-06-22,,2400.0,GBP,Unpaid,,,,,,1,2400.0
1070,14,EuroFresh Produce,NL,EUR,2023-05-25,2023-06-08,2023-06-15,960.0,EUR,Paid Late,P045,2023-06-15,960.0,EUR,21.0,0,0
1071,15,FixRight Electrical,UK,GBP,2023-05-27,2023-06-26,2023-06-25,185.0,GBP,Paid,P046,2023-06-25,185.0,GBP,29.0,0,0
1072,16,PrintWorks Media,UK,GBP,2023-05-29,2023-06-28,,380.0,GBP,Unpaid,,,,,,1,380.0
1073,17,SafeRoute Transport,UK,GBP,2023-05-31,2023-06-30,2023-07-05,1260.0,GBP,Paid Late,P047,2023-07-05,1260.0,GBP,35.0,0,0
1074,18,UltraClean Hygiene,UK,GBP,2023-06-02,2023-07-02,2023-07-01,315.0,GBP,Paid,P048,2023-07-01,315.0,GBP,29.0,0,0
1075,19,DataCore Cloud Services,UK,GBP,2023-06-04,2023-07-04,,760.0,GBP,Unpaid,,,,,,1,760.0
1076,20,MetroCatering Supplies,UK,GBP,2023-06-06,2023-06-20,2023-06-19,600.0,GBP,Paid,P049,2023-06-19,600.0,GBP,13.0,0,0
1077,1,CleanPro Services,UK,GBP,2023-06-08,2023-07-08,2023-07-12,225.0,GBP,Paid Late,P050,2023-07-12,225.0,GBP,34.0,0,0
1078,3,TechFix IT Support,UK,GBP,2023-06-10,2023-07-10,,810.0,GBP,Unpaid,P051,,810.0,GBP,,1,810.0
1079,2,FreshFoods Wholesale,UK,GBP,2023-06-12,2023-06-26,2023-06-25,1680.0,GBP,Paid,P052,2023-06-25,1680.0,GBP,13.0,0,0
1080,5,EuroLogistics Transport,DE,EUR,2023-06-14,2023-07-14,2023-07-22,1280.0,EUR,Paid Late,P053,2023-07-22,1280.0,EUR,38.0,0,0
1081,7,SecureGuard Maintenance,UK,GBP,2023-06-16,2023-08-15,,4250.0,GBP,Unpaid,,,,,,1,4250.0
1082,4,OfficeHub Supplies,UK,GBP,2023-06-18,2023-08-02,2023-08-05,345.0,GBP,Paid Late,P054,2023-08-05,345.0,GBP,48.0,0,0
1083,6,LinenPro Solutions,UK,GBP,2023-06-20,2023-07-20,2023-07-19,525.0,GBP,Paid,P055,2023-07-19,525.0,GBP,29.0,0,0
1084,8,GreenLeaf Waste Management,UK,GBP,2023-06-22,2023-07-22,,880.0,GBP,Overdue,,,,,,1,880.0
1085,10,BlueWave Marketing,UK,GBP,2023-06-24,2023-07-24,2023-07-28,1480.0,GBP,Paid Late,P056,2023-07-28,1480.0,GBP,34.0,0,0
1086,11,PrimeBeverage Distribution,UK,GBP,2023-06-26,2023-07-10,2023-07-09,460.0,GBP,Paid,P057,2023-07-09,460.0,GBP,13.0,0,0
1087,12,NorthStar Consulting,UK,GBP,2023-06-28,2023-07-28,,2480.0,GBP,Unpaid,,,,,,1,2480.0
1088,14,EuroFresh Produce,NL,EUR,2023-06-30,2023-07-14,2023-07-20,990.0,EUR,Paid Late,P058,2023-07-20,990.0,EUR,20.0,0,0
1089,15,FixRight Electrical,UK,GBP,2023-07-02,2023-08-01,2023-07-31,195.0,GBP,Paid,P059,2023-07-31,195.0,GBP,29.0,0,0
1090,16,PrintWorks Media,UK,GBP,2023-07-04,2023-08-03,,395.0,GBP,Unpaid,,,,,,1,395.0
1091,17,SafeRoute Transport,UK,GBP,2023-07-06,2023-08-05,2023-08-10,1320.0,GBP,Paid Late,P060,2023-08-10,1320.0,GBP,35.0,0,0
1092,18,UltraClean Hygiene,UK,GBP,2023-07-08,2023-08-07,2023-08-06,330.0,GBP,Paid,P061,2023-08-06,330.0,GBP,29.0,0,0
1093,19,DataCore Cloud Services,UK,GBP,2023-07-10,2023-08-09,,780.0,GBP,Unpaid,,,,,,1,780.0
1094,20,MetroCatering Supplies,UK,GBP,2023-07-12,2023-07-26,2023-07-25,620.0,GBP,Paid,P062,2023-08-25,620.0,GBP,13.0,0,0
1095,1,CleanPro Services,UK,GBP,2023-07-14,2023-08-13,2023-08-17,235.0,GBP,Paid Late,P063,2023-08-17,235.0,GBP,34.0,0,0
1100,3,TechFix IT Support,UK,GBP,2023-07-16,2023-08-15,,840.0,GBP,Unpaid,P064,,840.0,GBP,,1,840.0
1101,2,FreshFoods Wholesale,UK,GBP,2023-07-18,2023-08-01,2023-07-31,1700.0,GBP,Paid,P065,2023-07-31,1700.0,GBP,13.0,0,0
1102,5,EuroLogistics Transport,DE,EUR,2023-07-20,2023-08-19,2023-08-27,1320.0,EUR,Paid Late,P066,2023-08-27,1320.0,EUR,38.0,0,0
1103,7,SecureGuard Maintenance,UK,GBP,2023-07-22,2023-09-20,,4380.0,GBP,Unpaid,,,,,,1,4380.0
1104,4,OfficeHub Supplies,UK,GBP,2023-07-24,2023-09-07,2023-09-10,360.0,GBP,Paid Late,P067,2023-09-10,360.0,GBP,48.0,0,0
1105,6,LinenPro Solutions,UK,GBP,2023-07-26,2023-08-25,2023-08-24,540.0,GBP,Paid,P068,2023-08-24,540.0,GBP,29.0,0,0
1106,8,GreenLeaf Waste Management,UK,GBP,2023-07-28,2023-08-27,,900.0,GBP,Overdue,,,,,,1,900.0
1107,10,BlueWave Marketing,UK,GBP,2023-07-30,2023-08-29,2023-09-02,1520.0,GBP,Paid Late,P069,2023-09-02,1520.0,GBP,34.0,0,0
1108,11,PrimeBeverage Distribution,UK,GBP,2023-08-01,2023-08-15,2023-08-14,475.0,GBP,Paid,P070,2023-08-14,475.0,GBP,13.0,0,0
1109,12,NorthStar Consulting,UK,GBP,2023-08-03,2023-09-02,,2550.0,GBP,Unpaid,,,,,,1,2550.0
1110,14,EuroFresh Produce,NL,EUR,2023-08-05,2023-08-19,2023-08-26,1020.0,EUR,Paid Late,P071,2023-08-26,1020.0,EUR,21.0,0,0
1111,15,FixRight Electrical,UK,GBP,2023-08-07,2023-09-06,2023-09-05,205.0,GBP,Paid,P072,2023-09-05,205.0,GBP,29.0,0,0
1112,16,PrintWorks Media,UK,GBP,2023-08-09,2023-09-08,,410.0,GBP,Unpaid,,,,,,1,410.0
1113,17,SafeRoute Transport,UK,GBP,2023-08-11,2023-09-10,2023-09-15,1380.0,GBP,Paid Late,P073,2023-09-15,1380.0,GBP,35.0,0,0
1114,18,UltraClean Hygiene,UK,GBP,2023-08-13,2023-09-12,2023-09-11,345.0,GBP,Paid,P074,2023-09-11,345.0,GBP,29.0,0,0
1115,19,DataCore Cloud Services,UK,GBP,2023-08-15,2023-09-14,,800.0,GBP,Unpaid,,,,,,1,800.0
1116,20,MetroCatering Supplies,UK,GBP,2023-08-17,2023-08-31,2023-08-30,640.0,GBP,Paid,P075,2023-10-05,660.0,GBP,13.0,0,0
1117,1,CleanPro Services,UK,GBP,2023-08-19,2023-09-18,2023-09-22,245.0,GBP,Paid Late,P076,2023-09-22,245.0,GBP,34.0,0,0
1118,3,TechFix IT Support,UK,GBP,2023-08-21,2023-09-20,,870.0,GBP,Unpaid,,,,,,1,870.0
1119,2,FreshFoods Wholesale,UK,GBP,2023-08-23,2023-09-06,2023-09-05,1720.0,GBP,Paid,P077,2023-09-05,1720.0,GBP,13.0,0,0
1120,5,EuroLogistics Transport,DE,EUR,2023-08-25,2023-09-24,2023-10-02,1380.0,EUR,Paid Late,P078,2023-10-02,1380.0,EUR,38.0,0,0
1121,7,SecureGuard Maintenance,UK,GBP,2023-08-27,2023-10-26,,4520.0,GBP,Unpaid,,,,,,1,4520.0
1122,4,OfficeHub Supplies,UK,GBP,2023-08-29,2023-10-13,2023-10-16,375.0,GBP,Paid Late,P079,2023-10-16,375.0,GBP,48.0,0,0
1123,6,LinenPro Solutions,UK,GBP,2023-08-31,2023-09-30,2023-09-29,560.0,GBP,Paid,P080,2023-09-29,560.0,GBP,29.0,0,0
1124,8,GreenLeaf Waste Management,UK,GBP,2023-09-02,2023-10-02,,920.0,GBP,Overdue,,,,,,1,920.0
1125,10,BlueWave Marketing,UK,GBP,2023-09-04,2023-10-04,2023-10-08,1580.0,GBP,Paid Late,P081,2023-10-08,1580.0,GBP,34.0,0,0
1126,11,PrimeBeverage Distribution,UK,GBP,2023-09-06,2023-09-20,2023-09-19,490.0,GBP,Paid,P082,2023-09-19,490.0,GBP,13.0,0,0
1127,12,NorthStar Consulting,UK,GBP,2023-09-08,2023-10-08,,2620.0,GBP,Unpaid,,,,,,1,2620.0
1128,14,EuroFresh Produce,NL,EUR,2023-09-10,2023-09-24,2023-10-01,1050.0,EUR,Paid Late,P083,2023-10-01,1050.0,EUR,21.0,0,0
1129,15,FixRight Electrical,UK,GBP,2023-09-12,2023-10-12,2023-10-11,215.0,GBP,Paid,P084,2023-10-11,215.0,GBP,29.0,0,0
1130,16,PrintWorks Media,UK,GBP,2023-09-14,2023-10-14,,430.0,GBP,Unpaid,,,,,,1,430.0
1131,17,SafeRoute Transport,UK,GBP,2023-09-16,2023-10-16,2023-10-21,1420.0,GBP,Paid Late,P085,2023-10-21,1420.0,GBP,35.0,0,0
1132,18,UltraClean Hygiene,UK,GBP,2023-09-18,2023-10-18,2023-10-17,360.0,GBP,Paid,P086,2023-10-17,360.0,GBP,29.0,0,0
1133,19,DataCore Cloud Services,UK,GBP,2023-09-20,2023-10-20,,820.0,GBP,Unpaid,,,,,,1,820.0
1134,20,MetroCatering Supplies,UK,GBP,2023-09-22,2023-10-06,2023-10-05,660.0,GBP,Paid,P087,2023-10-05,660.0,GBP,13.0,0,0
1135,1,CleanPro Services,UK,GBP,2023-09-24,2023-10-24,2023-10-28,255.0,GBP,Paid Late,P088,2023-10-28,255.0,GBP,34.0,0,0
1136,3,TechFix IT Support,UK,GBP,2023-09-26,2023-10-26,,900.0,GBP,Unpaid,,,,,,1,900.0
1137,2,FreshFoods Wholesale,UK,GBP,2023-09-28,2023-10-12,2023-10-11,1750.0,GBP,Paid,P089,2023-10-11,1750.0,GBP,13.0,0,0
1138,5,EuroLogistics Transport,DE,EUR,2023-09-30,2023-10-30,2023-11-07,1420.0,EUR,Paid Late,P090,2023-11-07,1420.0,EUR,38.0,0,0
1139,7,SecureGuard Maintenance,UK,GBP,2023-10-02,2023-12-01,,4680.0,GBP,Unpaid,,,,,,1,4680.0
1140,4,OfficeHub Supplies,UK,GBP,2023-10-04,2023-11-18,2023-11-21,390.0,GBP,Paid Late,P091,2023-11-21,390.0,GBP,48.0,0,0
1141,6,LinenPro Solutions,UK,GBP,2023-10-06,2023-11-05,2023-11-04,580.0,GBP,Paid,P092,2023-11-04,580.0,GBP,29.0,0,0
1142,8,GreenLeaf Waste Management,UK,GBP,2023-10-08,2023-11-07,,940.0,GBP,Overdue,,,,,,1,940.0
1143,10,BlueWave Marketing,UK,GBP,2023-10-10,2023-11-09,2023-11-13,1620.0,GBP,Paid Late,P093,2023-11-13,1620.0,GBP,34.0,0,0
1144,11,PrimeBeverage Distribution,UK,GBP,2023-10-12,2023-10-26,2023-10-25,505.0,GBP,Paid,P094,2023-10-25,505.0,GBP,13.0,0,0
1145,12,NorthStar Consulting,UK,GBP,2023-10-14,2023-11-13,,2700.0,GBP,Unpaid,,,,,,1,2700.0
1150,14,EuroFresh Produce,NL,EUR,2023-10-16,2023-10-30,2023-11-06,1080.0,EUR,Paid Late,P095,2023-11-06,1080.0,EUR,21.0,0,0
1151,15,FixRight Electrical,UK,GBP,2023-10-18,2023-11-17,2023-11-16,225.0,GBP,Paid,P096,2023-11-16,225.0,GBP,29.0,0,0
1152,16,PrintWorks Media,UK,GBP,2023-10-20,2023-11-19,,450.0,GBP,Unpaid,,,,,,1,450.0
1153,17,SafeRoute Transport,UK,GBP,2023-10-22,2023-11-21,2023-11-26,1460.0,GBP,Paid Late,P097,2023-11-26,1460.0,GBP,35.0,0,0
1154,18,UltraClean Hygiene,UK,GBP,2023-10-24,2023-11-23,2023-11-22,375.0,GBP,Paid,P098,2023-11-22,375.0,GBP,29.0,0,0
1155,19,DataCore Cloud Services,UK,GBP,2023-10-26,2023-11-25,,840.0,GBP,Unpaid,,,,,,1,840.0
1156,20,MetroCatering Supplies,UK,GBP,2023-10-28,2023-11-11,2023-11-10,680.0,GBP,Paid,P099,2023-11-10,680.0,GBP,13.0,0,0
1157,1,CleanPro Services,UK,GBP,2023-10-30,2023-11-29,2023-12-03,265.0,GBP,Paid Late,P100,2023-12-03,265.0,GBP,34.0,0,0
1158,3,TechFix IT Support,UK,GBP,2023-11-01,2023-12-01,,930.0,GBP,Unpaid,P101,,930.0,GBP,,1,930.0
1159,2,FreshFoods Wholesale,UK,GBP,2023-11-03,2023-11-17,2023-11-16,1780.0,GBP,Paid,P102,2023-11-16,1780.0,GBP,13.0,0,0
1160,5,EuroLogistics Transport,DE,EUR,2023-11-05,2023-12-05,2023-12-13,1480.0,EUR,Paid Late,P103,2023-12-13,1480.0,EUR,38.0,0,0
1161,7,SecureGuard Maintenance,UK,GBP,2023-11-07,2024-01-06,,4820.0,GBP,Unpaid,,,,,,1,4820.0
1162,4,OfficeHub Supplies,UK,GBP,2023-11-09,2023-12-24,2023-12-27,405.0,GBP,Paid Late,P104,2023-12-27,405.0,GBP,48.0,0,0
1163,6,LinenPro Solutions,UK,GBP,2023-11-11,2023-12-11,2023-12-10,595.0,GBP,Paid,P105,2023-12-10,595.0,GBP,29.0,0,0
1164,8,GreenLeaf Waste Management,UK,GBP,2023-11-13,2023-12-13,,960.0,GBP,Overdue,,,,,,1,960.0
1165,10,BlueWave Marketing,UK,GBP,2023-11-15,2023-12-15,2023-12-19,1680.0,GBP,Paid Late,P106,2023-12-19,1680.0,GBP,34.0,0,0
1166,11,PrimeBeverage Distribution,UK,GBP,2023-11-17,2023-12-01,2023-11-30,520.0,GBP,Paid,P107,2023-11-30,520.0,GBP,13.0,0,0
1167,12,NorthStar Consulting,UK,GBP,2023-11-19,2023-12-19,,2780.0,GBP,Unpaid,,,,,,1,2780.0
1168,14,EuroFresh Produce,NL,EUR,2023-11-21,2023-12-05,2023-12-12,1120.0,EUR,Paid Late,P108,2023-12-12,1120.0,EUR,21.0,0,0
1169,15,FixRight Electrical,UK,GBP,2023-11-23,2023-12-23,2023-12-22,235.0,GBP,Paid,P109,2023-12-22,235.0,GBP,29.0,0,0
1170,16,PrintWorks Media,UK,GBP,2023-11-25,2023-12-25,,470.0,GBP,Unpaid,,,,,,1,470.0
1171,17,SafeRoute Transport,UK,GBP,2023-11-27,2023-12-27,2023-12-31,1500.0,GBP,Paid Late,P110,2023-12-31,1500.0,GBP,34.0,0,0
1172,18,UltraClean Hygiene,UK,GBP,2023-11-29,2023-12-29,2023-12-28,390.0,GBP,Paid,P111,2023-12-28,390.0,GBP,29.0,0,0
1173,19,DataCore Cloud Services,UK,GBP,2023-12-01,2023-12-31,,860.0,GBP,Unpaid,,,,,,1,860.0
1174,20,MetroCatering Supplies,UK,GBP,2023-12-03,2023-12-17,2023-12-16,700.0,GBP,Paid,P112,2023-12-16,700.0,GBP,13.0,0,0
1175,1,CleanPro Services,UK,GBP,2023-12-05,2024-01-04,2024-01-08,275.0,GBP,Paid Late,P113,2024-01-08,275.0,GBP,34.0,0,0
1176,3,TechFix IT Support,UK,GBP,2023-12-07,2024-01-06,,960.0,GBP,Unpaid,,,,,,1,960.0
1177,2,FreshFoods Wholesale,UK,GBP,2023-12-09,2023-12-23,2023-12-22,1820.0,GBP,Paid,P114,2023-12-22,1820.0,GBP,13.0,0,0
1178,5,EuroLogistics Transport,DE,EUR,2023-12-11,2024-01-10,2024-01-18,1520.0,EUR,Paid Late,P115,2024-01-18,1520.0,EUR,38.0,0,0
1179,7,SecureGuard Maintenance,UK,GBP,2023-12-13,2024-02-11,,4980.0,GBP,Unpaid,,,,,,1,4980.0
1180,4,OfficeHub Supplies,UK,GBP,2023-12-15,2024-01-29,2024-02-01,420.0,GBP,Paid Late,P116,2024-02-01,420.0,GBP,48.0,0,0
1181,6,LinenPro Solutions,UK,GBP,2023-12-17,2024-01-16,2024-01-15,610.0,GBP,Paid,P117,2024-01-15,610.0,GBP,29.0,0,0
1182,8,GreenLeaf Waste Management,UK,GBP,2023-12-19,2024-01-18,,980.0,GBP,Overdue,,,,,,1,980.0
1183,10,BlueWave Marketing,UK,GBP,2023-12-21,2024-01-20,2024-01-24,1720.0,GBP,Paid Late,P118,2024-01-24,1720.0,GBP,34.0,0,0
1184,11,PrimeBeverage Distribution,UK,GBP,2023-12-23,2024-01-06,2024-01-05,540.0,GBP,Paid,P119,2024-01-05,540.0,GBP,13.0,0,0
1185,12,NorthStar Consulting,UK,GBP,2023-12-25,2024-01-24,,2850.0,GBP,Unpaid,,,,,,1,2850.0
1186,14,EuroFresh Produce,NL,EUR,2023-12-27,2024-01-10,2024-01-17,1150.0,EUR,Paid Late,P120,2024-01-17,1150.0,EUR,21.0,0,0
1187,15,FixRight Electrical,UK,GBP,2023-12-29,2024-01-28,2024-01-27,245.0,GBP,Paid,P121,2024-01-27,245.0,GBP,29.0,0,0
1188,16,PrintWorks Media,UK,GBP,2023-12-31,2024-01-30,,490.0,GBP,Unpaid,,,,,,1,490.0
1189,17,SafeRoute Transport,UK,GBP,2024-01-02,2024-02-01,2024-02-05,1540.0,GBP,Paid Late,P122,2024-02-05,1540.0,GBP,34.0,0,0
1190,18,UltraClean Hygiene,UK,GBP,2024-01-04,2024-02-03,2024-02-02,405.0,GBP,Paid,P123,2024-02-02,405.0,GBP,29.0,0,0
1191,19,DataCore Cloud Services,UK,GBP,2024-01-06,2024-02-05,,880.0,GBP,Unpaid,,,,,,1,880.0
1192,20,MetroCatering Supplies,UK,GBP,2024-01-08,2024-01-22,2024-01-21,720.0,GBP,Paid,P124,2024-01-21,720.0,GBP,13.0,0,0
1193,1,CleanPro Services,UK,GBP,2024-01-10,2024-02-09,2024-02-13,285.0,GBP,Paid Late,P125,2024-02-13,285.0,GBP,34.0,0,0
1194,3,TechFix IT Support,UK,GBP,2024-01-12,2024-02-11,,990.0,GBP,Unpaid,,,,,,1,990.0
1195,2,FreshFoods Wholesale,UK,GBP,2024-01-14,2024-01-28,2024-01-27,1850.0,GBP,Paid,P126,2024-01-27,1850.0,GBP,13.0,0,0
1200,5,EuroLogistics Transport,DE,EUR,2024-01-16,2024-02-15,2024-02-23,1580.0,EUR,Paid Late,P127,2024-02-23,1580.0,EUR,38.0,0,0
1201,7,SecureGuard Maintenance,UK,GBP,2024-01-18,2024-03-18,,5120.0,GBP,Unpaid,,,,,,1,5120.0
1202,4,OfficeHub Supplies,UK,GBP,2024-01-20,2024-03-04,2024-03-07,435.0,GBP,Paid Late,P128,2024-03-07,435.0,GBP,47.0,0,0
1203,6,LinenPro Solutions,UK,GBP,2024-01-22,2024-02-21,2024-02-20,625.0,GBP,Paid,P129,2024-02-20,625.0,GBP,29.0,0,0
1204,8,GreenLeaf Waste Management,UK,GBP,2024-01-24,2024-02-23,,1000.0,GBP,Overdue,,,,,,1,1000.0
1205,10,BlueWave Marketing,UK,GBP,2024-01-26,2024-02-25,2024-02-29,1780.0,GBP,Paid Late,P130,2024-02-29,1780.0,GBP,34.0,0,0
1206,11,PrimeBeverage Distribution,UK,GBP,2024-01-28,2024-02-11,2024-02-10,560.0,GBP,Paid,P131,2024-02-10,560.0,GBP,13.0,0,0
1207,12,NorthStar Consulting,UK,GBP,2024-01-30,2024-02-29,,2920.0,GBP,Unpaid,,,,,,1,2920.0
1208,14,EuroFresh Produce,NL,EUR,2024-02-01,2024-02-15,2024-02-22,1180.0,EUR,Paid Late,P132,2024-02-22,1180.0,EUR,21.0,0,0
1209,15,FixRight Electrical,UK,GBP,2024-02-03,2024-03-04,2024-03-03,255.0,GBP,Paid,P133,2024-03-03,255.0,GBP,29.0,0,0
1210,16,PrintWorks Media,UK,GBP,2024-02-05,2024-03-06,,510.0,GBP,Unpaid,,,,,,1,510.0
1211,17,SafeRoute Transport,UK,GBP,2024-02-07,2024-03-08,2024-03-12,1580.0,GBP,Paid Late,P134,2024-03-12,1580.0,GBP,34.0,0,0
1212,18,UltraClean Hygiene,UK,GBP,2024-02-09,2024-03-10,2024-03-09,420.0,GBP,Paid,P135,2024-03-09,420.0,GBP,29.0,0,0
1213,19,DataCore Cloud Services,UK,GBP,2024-02-11,2024-03-12,,900.0,GBP,Unpaid,,,,,,1,900.0
1214,20,MetroCatering Supplies,UK,GBP,2024-02-13,2024-02-27,2024-02-26,740.0,GBP,Paid,P136,2024-02-26,740.0,GBP,13.0,0,0
1215,1,CleanPro Services,UK,GBP,2024-02-15,2024-03-16,2024-03-20,295.0,GBP,Paid Late,P137,2024-03-20,295.0,GBP,34.0,0,0
1216,3,TechFix IT Support,UK,GBP,2024-02-17,2024-03-18,,1020.0,GBP,Unpaid,,,,,,1,1020.0
1217,2,FreshFoods Wholesale,UK,GBP,2024-02-19,2024-03-04,2024-03-03,1880.0,GBP,Paid,P138,2024-03-03,1880.0,GBP,13.0,0,0
1218,5,EuroLogistics Transport,DE,EUR,2024-02-21,2024-03-22,2024-03-30,1620.0,EUR,Paid Late,P139,2024-03-30,1620.0,EUR,38.0,0,0
1219,7,SecureGuard Maintenance,UK,GBP,2024-02-23,2024-04-23,,5280.0,GBP,Unpaid,,,,,,1,5280.0
1220,4,OfficeHub Supplies,UK,GBP,2024-02-25,2024-04-10,2024-04-13,450.0,GBP,Paid Late,P140,2024-04-13,450.0,GBP,48.0,0,0
1221,6,LinenPro Solutions,UK,GBP,2024-02-27,2024-03-28,2024-03-27,640.0,GBP,Paid,P141,2024-03-27,640.0,GBP,29.0,0,0
1222,8,GreenLeaf Waste Management,UK,GBP,2024-02-29,2024-03-30,,1020.0,GBP,Overdue,,,,,,1,1020.0
1223,10,BlueWave Marketing,UK,GBP,2024-03-02,2024-04-01,2024-04-05,1820.0,GBP,Paid Late,P142,2024-04-05,1820.0,GBP,34.0,0,0
1224,11,PrimeBeverage Distribution,UK,GBP,2024-03-04,2024-03-18,2024-03-17,580.0,GBP,Paid,P143,2024-03-17,580.0,GBP,13.0,0,0
1225,12,NorthStar Consulting,UK,GBP,2024-03-06,2024-04-05,,3000.0,GBP,Unpaid,,,,,,1,3000.0
1226,14,EuroFresh Produce,NL,EUR,2024-03-08,2024-03-22,2024-03-29,1220.0,EUR,Paid Late,P144,2024-03-29,1220.0,EUR,21.0,0,0
1227,15,FixRight Electrical,UK,GBP,2024-03-10,2024-04-09,2024-04-08,265.0,GBP,Paid,P145,2024-04-08,265.0,GBP,29.0,0,0
1228,16,PrintWorks Media,UK,GBP,2024-03-12,2024-04-11,,530.0,GBP,Unpaid,,,,,,1,530.0
1229,17,SafeRoute Transport,UK,GBP,2024-03-14,2024-04-13,2024-04-17,1620.0,GBP,Paid Late,P146,2024-04-17,1620.0,GBP,34.0,0,0
1230,18,UltraClean Hygiene,UK,GBP,2024-03-16,2024-04-15,2024-04-14,435.0,GBP,Paid,P147,2024-04-14,435.0,GBP,29.0,0,0
1231,19,DataCore Cloud Services,UK,GBP,2024-03-18,2024-04-17,,920.0,GBP,Unpaid,,,,,,1,920.0
1232,20,MetroCatering Supplies,UK,GBP,2024-03-20,2024-04-03,2024-04-02,760.0,GBP,Paid,P148,2024-04-02,760.0,GBP,13.0,0,0
1233,1,CleanPro Services,UK,GBP,2024-03-22,2024-04-21,2024-04-25,305.0,GBP,Paid Late,P149,2024-04-25,305.0,GBP,34.0,0,0
1234,3,TechFix IT Support,UK,GBP,2024-03-24,2024-04-23,,1050.0,GBP,Unpaid,,,,,,1,1050.0
1235,2,FreshFoods Wholesale,UK,GBP,2024-03-26,2024-04-09,2024-04-08,1920.0,GBP,Paid,P150,2024-04-08,1920.0,GBP,13.0,0,0
1236,5,EuroLogistics Transport,DE,EUR,2024-03-28,2024-04-27,2024-05-05,1680.0,EUR,Paid Late,P151,2024-05-05,1680.0,EUR,38.0,0,0
1237,7,SecureGuard Maintenance,UK,GBP,2024-03-30,2024-05-29,,5450.0,GBP,Unpaid,P152,,5450.0,GBP,,1,5450.0
1238,4,OfficeHub Supplies,UK,GBP,2024-04-01,2024-05-16,2024-05-19,470.0,GBP,Paid Late,P153,2024-05-19,470.0,GBP,48.0,0,0
1239,6,LinenPro Solutions,UK,GBP,2024-04-03,2024-05-03,2024-05-02,660.0,GBP,Paid,P154,2024-05-02,660.0,GBP,29.0,0,0
1240,8,GreenLeaf Waste Management,UK,GBP,2024-04-05,2024-05-05,,1040.0,GBP,Overdue,,,,,,1,1040.0
1241,10,BlueWave Marketing,UK,GBP,2024-04-07,2024-05-07,2024-05-11,1880.0,GBP,Paid Late,P155,2024-05-11,1880.0,GBP,34.0,0,0
1242,11,PrimeBeverage Distribution,UK,GBP,2024-04-09,2024-04-23,2024-04-22,600.0,GBP,Paid,P156,2024-04-22,600.0,GBP,13.0,0,0
1243,12,NorthStar Consulting,UK,GBP,2024-04-11,2024-05-11,,3080.0,GBP,Unpaid,,,,,,1,3080.0
1244,14,EuroFresh Produce,NL,EUR,2024-04-13,2024-04-27,2024-05-04,1250.0,EUR,Paid Late,P157,2024-05-04,1250.0,EUR,21.0,0,0
1245,15,FixRight Electrical,UK,GBP,2024-04-15,2024-05-15,2024-05-14,275.0,GBP,Paid,P158,2024-05-14,275.0,GBP,29.0,0,0
1246,16,PrintWorks Media,UK,GBP,2024-04-17,2024-05-17,,550.0,GBP,Unpaid,,,,,,1,550.0
1247,17,SafeRoute Transport,UK,GBP,2024-04-19,2024-05-19,2024-05-23,1680.0,GBP,Paid Late,P159,2024-05-23,1680.0,GBP,34.0,0,0
1248,18,UltraClean Hygiene,UK,GBP,2024-04-21,2024-05-21,2024-05-20,450.0,GBP,Paid,P160,2024-05-20,450.0,GBP,29.0,0,0
1249,19,DataCore Cloud Services,UK,GBP,2024-04-23,2024-05-23,,940.0,GBP,Unpaid,,,,,,1,940.0
1250,20,MetroCatering Supplies,UK,GBP,2024-04-25,2024-05-09,2024-05-08,780.0,GBP,Paid,P161,2024-05-08,780.0,GBP,13.0,0,0
1251,1,CleanPro Services,UK,GBP,2024-04-27,2024-05-27,2024-05-31,315.0,GBP,Paid Late,P162,2024-05-31,315.0,GBP,34.0,0,0
1252,3,TechFix IT Support,UK,GBP,2024-04-29,2024-05-29,,1080.0,GBP,Unpaid,,,,,,1,1080.0
1253,2,FreshFoods Wholesale,UK,GBP,2024-05-01,2024-05-15,2024-05-14,1950.0,GBP,Paid,P163,2024-05-14,1950.0,GBP,13.0,0,0
1254,5,EuroLogistics Transport,DE,EUR,2024-05-03,2024-06-02,2024-06-10,1720.0,EUR,Paid Late,P164,2024-06-10,1720.0,EUR,38.0,0,0
1255,7,SecureGuard Maintenance,UK,GBP,2024-05-05,2024-07-04,,5600.0,GBP,Unpaid,,,,,,1,5600.0
1256,4,OfficeHub Supplies,UK,GBP,2024-05-07,2024-06-21,2024-06-24,490.0,GBP,Paid Late,P165,2024-06-24,490.0,GBP,48.0,0,0
1257,6,LinenPro Solutions,UK,GBP,2024-05-09,2024-06-08,2024-06-07,680.0,GBP,Paid,P166,2024-06-07,680.0,GBP,29.0,0,0
1258,8,GreenLeaf Waste Management,UK,GBP,2024-05-11,2024-06-10,,1060.0,GBP,Overdue,,,,,,1,1060.0
1259,10,BlueWave Marketing,UK,GBP,2024-05-13,2024-06-12,2024-06-16,1920.0,GBP,Paid Late,P167,2024-06-16,1920.0,GBP,34.0,0,0
1260,11,PrimeBeverage Distribution,UK,GBP,2024-05-15,2024-05-29,2024-05-28,620.0,GBP,Paid,P168,2024-05-28,620.0,GBP,13.0,0,0
1261,12,NorthStar Consulting,UK,GBP,2024-05-17,2024-06-16,,3150.0,GBP,Unpaid,,,,,,1,3150.0
1262,14,EuroFresh Produce,NL,EUR,2024-05-19,2024-06-02,2024-06-09,1280.0,EUR,Paid Late,P169,2024-06-09,1280.0,EUR,21.0,0,0
1263,15,FixRight Electrical,UK,GBP,2024-05-21,2024-06-20,2024-06-19,285.0,GBP,Paid,P170,2024-06-19,285.0,GBP,29.0,0,0
1264,16,PrintWorks Media,UK,GBP,2024-05-23,2024-06-22,,580.0,GBP,Unpaid,,,,,,1,580.0
1265,17,SafeRoute Transport,UK,GBP,2024-05-25,2024-06-24,2024-06-28,1720.0,GBP,Paid Late,P171,2024-06-28,1720.0,GBP,34.0,0,0
1266,18,UltraClean Hygiene,UK,GBP,2024-05-27,2024-06-26,2024-06-25,470.0,GBP,Paid,P172,2024-06-25,470.0,GBP,29.0,0,0
1267,19,DataCore Cloud Services,UK,GBP,2024-05-29,2024-06-28,,960.0,GBP,Unpaid,,,,,,1,960.0
1268,20,MetroCatering Supplies,UK,GBP,2024-05-31,2024-06-14,2024-06-13,800.0,GBP,Paid,P173,2024-06-13,800.0,GBP,13.0,0,0
1269,1,CleanPro Services,UK,GBP,2024-06-02,2024-07-02,2024-07-06,325.0,GBP,Paid Late,P174,2024-07-06,325.0,GBP,34.0,0,0
1270,3,TechFix IT Support,UK,GBP,2024-06-04,2024-07-04,,1120.0,GBP,Unpaid,,,,,,1,1120.0
1271,2,FreshFoods Wholesale,UK,GBP,2024-06-06,2024-06-20,2024-06-19,1980.0,GBP,Paid,P175,2024-06-19,1980.0,GBP,13.0,0,0
1272,5,EuroLogistics Transport,DE,EUR,2024-06-08,2024-07-08,2024-07-16,1780.0,EUR,Paid Late,P176,2024-07-16,1780.0,EUR,38.0,0,0
1273,7,SecureGuard Maintenance,UK,GBP,2024-06-10,2024-08-09,,5750.0,GBP,Unpaid,,,,,,1,5750.0
1274,4,OfficeHub Supplies,UK,GBP,2024-06-12,2024-07-27,2024-07-30,510.0,GBP,Paid Late,P177,2024-07-30,510.0,GBP,48.0,0,0
1275,6,LinenPro Solutions,UK,GBP,2024-06-14,2024-07-14,2024-07-13,700.0,GBP,Paid,P178,2024-07-13,700.0,GBP,29.0,0,0
1276,8,GreenLeaf Waste Management,UK,GBP,2024-06-16,2024-07-16,,1080.0,GBP,Overdue,,,,,,1,1080.0
1277,10,BlueWave Marketing,UK,GBP,2024-06-18,2024-07-18,2024-07-22,1980.0,GBP,Paid Late,P179,2024-07-22,1980.0,GBP,34.0,0,0
1278,11,PrimeBeverage Distribution,UK,GBP,2024-06-20,2024-07-04,2024-07-03,640.0,GBP,Paid,P180,2024-07-03,640.0,GBP,13.0,0,0
1279,12,NorthStar Consulting,UK,GBP,2024-06-22,2024-07-22,,3220.0,GBP,Unpaid,,,,,,1,3220.0
1280,14,EuroFresh Produce,NL,EUR,2024-06-24,2024-07-08,2024-07-15,1320.0,EUR,Paid Late,P181,2024-07-15,1320.0,EUR,21.0,0,0
1281,15,FixRight Electrical,UK,GBP,2024-06-26,2024-07-26,2024-07-25,295.0,GBP,Paid,P182,2024-07-25,295.0,GBP,29.0,0,0
1282,16,PrintWorks Media,UK,GBP,2024-06-28,2024-07-28,,600.0,GBP,Unpaid,,,,,,1,600.0
1283,17,SafeRoute Transport,UK,GBP,2024-06-30,2024-07-30,2024-08-03,1780.0,GBP,Paid Late,P183,2024-08-03,1780.0,GBP,34.0,0,0
1284,18,UltraClean Hygiene,UK,GBP,2024-07-02,2024-08-01,2024-07-31,490.0,GBP,Paid,P184,2024-07-31,490.0,GBP,29.0,0,0
1285,19,DataCore Cloud Services,UK,GBP,2024-07-04,2024-08-03,,980.0,GBP,Unpaid,,,,,,1,980.0
1286,20,MetroCatering Supplies,UK,GBP,2024-07-06,2024-07-20,2024-07-19,820.0,GBP,Paid,P185,2024-07-19,820.0,GBP,13.0,0,0
1287,1,CleanPro Services,UK,GBP,2024-07-08,2024-08-07,2024-08-11,335.0,GBP,Paid Late,P186,2024-08-11,335.0,GBP,34.0,0,0
1288,3,TechFix IT Support,UK,GBP,2024-07-10,2024-08-09,,1150.0,GBP,Unpaid,,,,,,1,1150.0
1289,2,FreshFoods Wholesale,UK,GBP,2024-07-12,2024-07-26,2024-07-25,2020.0,GBP,Paid,P187,2024-07-25,2020.0,GBP,13.0,0,0
1290,5,EuroLogistics Transport,DE,EUR,2024-07-14,2024-08-13,2024-08-21,1820.0,EUR,Paid Late,P188,2024-08-21,1820.0,EUR,38.0,0,0
1291,7,SecureGuard Maintenance,UK,GBP,2024-07-16,2024-09-14,,5900.0,GBP,Unpaid,,,,,,1,5900.0
1292,4,OfficeHub Supplies,UK,GBP,2024-07-18,2024-09-01,2024-09-04,530.0,GBP,Paid Late,P189,2024-09-04,530.0,GBP,48.0,0,0
1293,6,LinenPro Solutions,UK,GBP,2024-07-20,2024-08-19,2024-08-18,720.0,GBP,Paid,P190,2024-08-18,720.0,GBP,29.0,0,0
1294,8,GreenLeaf Waste Management,UK,GBP,2024-07-22,2024-08-21,,1100.0,GBP,Overdue,,,,,,1,1100.0
1295,10,BlueWave Marketing,UK,GBP,2024-07-24,2024-08-23,2024-08-27,2020.0,GBP,Paid Late,P191,2024-08-27,2020.0,GBP,34.0,0,0
1296,11,PrimeBeverage Distribution,UK,GBP,2024-07-26,2024-08-09,2024-08-08,660.0,GBP,Paid,P192,2024-08-08,660.0,GBP,13.0,0,0
1297,12,NorthStar Consulting,UK,GBP,2024-07-28,2024-08-27,,3300.0,GBP,Unpaid,,,,,,1,3300.0
1298,14,EuroFresh Produce,NL,EUR,2024-07-30,2024-08-13,2024-08-20,1350.0,EUR,Paid Late,P193,2024-08-20,1350.0,EUR,21.0,0,0
1299,15,FixRight Electrical,UK,GBP,2024-08-01,2024-08-31,2024-08-30,305.0,GBP,Paid,P194,2024-08-30,305.0,GBP,29.0,0,0
1300,16,PrintWorks Media,UK,GBP,2024-08-03,2024-09-02,,620.0,GBP,Unpaid,,,,,,1,620.0
1301,17,SafeRoute Transport,UK,GBP,2024-08-05,2024-09-04,2024-09-08,1820.0,GBP,Paid Late,P195,2024-09-08,1820.0,GBP,34.0,0,0
1302,18,UltraClean Hygiene,UK,GBP,2024-08-07,2024-09-06,2024-09-05,510.0,GBP,Paid,P196,2024-09-05,510.0,GBP,29.0,0,0
1303,19,DataCore Cloud Services,UK,GBP,2024-08-09,2024-09-08,,1000.0,GBP,Unpaid,,,,,,1,1000.0
1304,20,MetroCatering Supplies,UK,GBP,2024-08-11,2024-08-25,2024-08-24,840.0,GBP,Paid,P197,2024-08-24,840.0,GBP,13.0,0,0
1305,1,CleanPro Services,UK,GBP,2024-08-13,2024-09-12,2024-09-16,345.0,GBP,Paid Late,P198,2024-09-16,345.0,GBP,34.0,0,0
1306,3,TechFix IT Support,UK,GBP,2024-08-15,2024-09-14,,1180.0,GBP,Unpaid,,,,,,1,1180.0
1307,2,FreshFoods Wholesale,UK,GBP,2024-08-17,2024-08-31,2024-08-30,2050.0,GBP,Paid,P199,2024-08-30,2050.0,GBP,13.0,0,0
1308,5,EuroLogistics Transport,DE,EUR,2024-08-19,2024-09-18,2024-09-26,1880.0,EUR,Paid Late,P200,2024-09-26,1880.0,EUR,38.0,0,0
1309,7,SecureGuard Maintenance,UK,GBP,2024-08-21,2024-10-20,,6050.0,GBP,Unpaid,P201,,6050.0,GBP,,1,6050.0
1310,4,OfficeHub Supplies,UK,GBP,2024-08-23,2024-10-07,2024-10-10,550.0,GBP,Paid Late,P202,2024-10-10,550.0,GBP,48.0,0,0
1311,6,LinenPro Solutions,UK,GBP,2024-08-25,2024-09-24,2024-09-23,740.0,GBP,Paid,P203,2024-09-23,740.0,GBP,29.0,0,0
1312,8,GreenLeaf Waste Management,UK,GBP,2024-08-27,2024-09-26,,1120.0,GBP,Overdue,,,,,,1,1120.0
1313,10,BlueWave Marketing,UK,GBP,2024-08-29,2024-09-28,2024-10-02,2080.0,GBP,Paid Late,P204,2024-10-02,2080.0,GBP,34.0,0,0
1314,11,PrimeBeverage Distribution,UK,GBP,2024-08-31,2024-09-14,2024-09-13,680.0,GBP,Paid,P205,2024-09-13,680.0,GBP,13.0,0,0
1315,12,NorthStar Consulting,UK,GBP,2024-09-02,2024-10-02,,3380.0,GBP,Unpaid,,,,,,1,3380.0
1316,14,EuroFresh Produce,NL,EUR,2024-09-04,2024-09-18,2024-09-25,1380.0,EUR,Paid Late,P206,2024-09-25,1380.0,EUR,21.0,0,0
1317,15,FixRight Electrical,UK,GBP,2024-09-06,2024-10-06,2024-10-05,315.0,GBP,Paid,P207,2024-10-05,315.0,GBP,29.0,0,0
1318,16,PrintWorks Media,UK,GBP,2024-09-08,2024-10-08,,640.0,GBP,Unpaid,,,,,,1,640.0
1319,17,SafeRoute Transport,UK,GBP,2024-09-10,2024-10-10,2024-10-14,1880.0,GBP,Paid Late,P208,2024-10-14,1880.0,GBP,34.0,0,0
1320,18,UltraClean Hygiene,UK,GBP,2024-09-12,2024-10-12,2024-10-11,530.0,GBP,Paid,P209,2024-10-11,530.0,GBP,29.0,0,0
1321,19,DataCore Cloud Services,UK,GBP,2024-09-14,2024-10-14,,1020.0,GBP,Unpaid,,,,,,1,1020.0
1322,20,MetroCatering Supplies,UK,GBP,2024-09-16,2024-09-30,2024-09-29,860.0,GBP,Paid,P210,2024-09-29,860.0,GBP,13.0,0,0
1323,1,CleanPro Services,UK,GBP,2024-09-18,2024-10-18,2024-10-22,355.0,GBP,Paid Late,P211,2024-10-22,355.0,GBP,34.0,0,0
1324,3,TechFix IT Support,UK,GBP,2024-09-20,2024-10-20,,1220.0,GBP,Unpaid,,,,,,1,1220.0
1325,2,FreshFoods Wholesale,UK,GBP,2024-09-22,2024-10-06,2024-10-05,2080.0,GBP,Paid,P212,2024-10-05,2080.0,GBP,13.0,0,0
1326,5,EuroLogistics Transport,DE,EUR,2024-09-24,2024-10-24,2024-11-01,1920.0,EUR,Paid Late,P213,2024-11-01,1920.0,EUR,38.0,0,0
1327,7,SecureGuard Maintenance,UK,GBP,2024-09-26,2024-11-25,,6200.0,GBP,Unpaid,,,,,,1,6200.0
1328,4,OfficeHub Supplies,UK,GBP,2024-09-28,2024-11-12,2024-11-15,570.0,GBP,Paid Late,P214,2024-11-15,570.0,GBP,48.0,0,0
1329,6,LinenPro Solutions,UK,GBP,2024-09-30,2024-10-30,2024-10-29,760.0,GBP,Paid,P215,2024-10-29,760.0,GBP,29.0,0,0
1330,8,GreenLeaf Waste Management,UK,GBP,2024-10-02,2024-11-01,,1140.0,GBP,Overdue,,,,,,1,1140.0
1331,10,BlueWave Marketing,UK,GBP,2024-10-04,2024-11-03,2024-11-07,2120.0,GBP,Paid Late,P216,2024-11-07,2120.0,GBP,34.0,0,0
1332,11,PrimeBeverage Distribution,UK,GBP,2024-10-06,2024-10-20,2024-10-19,700.0,GBP,Paid,P217,2024-10-19,700.0,GBP,13.0,0,0
1333,12,NorthStar Consulting,UK,GBP,2024-10-08,2024-11-07,,3450.0,GBP,Unpaid,,,,,,1,3450.0
1334,14,EuroFresh Produce,NL,EUR,2024-10-10,2024-10-24,2024-10-31,1420.0,EUR,Paid Late,P218,2024-10-31,1420.0,EUR,21.0,0,0
1335,15,FixRight Electrical,UK,GBP,2024-10-12,2024-11-11,2024-11-10,325.0,GBP,Paid,P219,2024-11-10,325.0,GBP,29.0,0,0
1336,16,PrintWorks Media,UK,GBP,2024-10-14,2024-11-13,,660.0,GBP,Unpaid,,,,,,1,660.0
1337,17,SafeRoute Transport,UK,GBP,2024-10-16,2024-11-15,2024-11-19,1920.0,GBP,Paid Late,P220,2024-11-19,1920.0,GBP,34.0,0,0
1338,18,UltraClean Hygiene,UK,GBP,2024-10-18,2024-11-17,2024-11-16,550.0,GBP,Paid,P221,2024-11-16,550.0,GBP,29.0,0,0
1339,19,DataCore Cloud Services,UK,GBP,2024-10-20,2024-11-19,,1060.0,GBP,Unpaid,,,,,,1,1060.0
1340,20,MetroCatering Supplies,UK,GBP,2024-10-22,2024-11-05,2024-11-04,880.0,GBP,Paid,P222,2024-11-04,880.0,GBP,13.0,0,0
1341,1,CleanPro Services,UK,GBP,2024-10-24,2024-11-23,2024-11-27,365.0,GBP,Paid Late,P223,2024-11-27,365.0,GBP,34.0,0,0
1342,3,TechFix IT Support,UK,GBP,2024-10-26,2024-11-25,,1250.0,GBP,Unpaid,,,,,,1,1250.0
1343,2,FreshFoods Wholesale,UK,GBP,2024-10-28,2024-11-11,2024-11-10,2120.0,GBP,Paid,P224,2024-11-10,2120.0,GBP,13.0,0,0
1344,5,EuroLogistics Transport,DE,EUR,2024-10-30,2024-11-29,2024-12-07,1980.0,EUR,Paid Late,P225,2024-12-07,1980.0,EUR,38.0,0,0
1345,7,SecureGuard Maintenance,UK,GBP,2024-11-01,2025-01-01,,6350.0,GBP,Unpaid,,,,,,1,6350.0
1346,4,OfficeHub Supplies,UK,GBP,2024-11-03,2024-12-18,2024-12-21,590.0,GBP,Paid Late,P226,2024-12-21,590.0,GBP,48.0,0,0
1347,6,LinenPro Solutions,UK,GBP,2024-11-05,2024-12-05,2024-12-04,780.0,GBP,Paid,P227,2024-12-04,780.0,GBP,29.0,0,0
1348,8,GreenLeaf Waste Management,UK,GBP,2024-11-07,2024-12-07,,1160.0,GBP,Overdue,,,,,,1,1160.0
1349,10,BlueWave Marketing,UK,GBP,2024-11-09,2024-12-09,2024-12-13,2180.0,GBP,Paid Late,P228,2024-12-13,2180.0,GBP,34.0,0,0
1350,11,PrimeBeverage Distribution,UK,GBP,2024-11-11,2024-11-25,2024-11-24,720.0,GBP,Paid,P229,2024-11-24,720.0,GBP,13.0,0,0
1351,12,NorthStar Consulting,UK,GBP,2024-11-13,2024-12-13,,3520.0,GBP,Unpaid,,,,,,1,3520.0
1352,14,EuroFresh Produce,NL,EUR,2024-11-15,2024-11-29,2024-12-06,1450.0,EUR,Paid Late,P230,2024-12-06,1450.0,EUR,21.0,0,0
1353,15,FixRight Electrical,UK,GBP,2024-11-17,2024-12-17,2024-12-16,335.0,GBP,Paid,P231,2024-12-16,335.0,GBP,29.0,0,0
1354,16,PrintWorks Media,UK,GBP,2024-11-19,2024-12-19,,680.0,GBP,Unpaid,,,,,,1,680.0
1355,17,SafeRoute Transport,UK,GBP,2024-11-21,2024-12-21,2024-12-25,1980.0,GBP,Paid Late,P232,2024-12-25,1980.0,GBP,34.0,0,0
1356,18,UltraClean Hygiene,UK,GBP,2024-11-23,2024-12-23,2024-12-22,570.0,GBP,Paid,P233,2024-12-22,570.0,GBP,29.0,0,0
1357,19,DataCore Cloud Services,UK,GBP,2024-11-25,2024-12-25,,1080.0,GBP,Unpaid,,,,,,1,1080.0
1358,20,MetroCatering Supplies,UK,GBP,2024-11-27,2024-12-11,2024-12-10,900.0,GBP,Paid,P234,2024-12-10,900.0,GBP,13.0,0,0
1359,1,CleanPro Services,UK,GBP,2024-11-29,2024-12-29,2024-12-31,375.0,GBP,Paid Late,P235,2024-12-31,375.0,GBP,32.0,0,0
1360,3,TechFix IT Support,UK,GBP,2024-12-01,2025-01-01,,1280.0,GBP,Unpaid,,,,,,1,1280.0
1361,2,FreshFoods Wholesale,UK,GBP,2024-12-03,2024-12-17,2024-12-16,2150.0,GBP,Paid,P236,2024-12-16,2150.0,GBP,13.0,0,0
1362,5,EuroLogistics Transport,DE,EUR,2024-12-05,2025-01-04,2025-01-12,2020.0,EUR,Paid Late,P237,2025-01-12,2020.0,EUR,38.0,0,0
1363,7,SecureGuard Maintenance,UK,GBP,2024-12-07,2025-02-05,,6500.0,GBP,Unpaid,,,,,,1,6500.0
1364,4,OfficeHub Supplies,UK,GBP,2024-12-09,2025-01-23,2025-01-26,610.0,GBP,Paid Late,P238,2025-01-26,610.0,GBP,48.0,0,0
1365,6,LinenPro Solutions,UK,GBP,2024-12-11,2025-01-10,2025-01-09,800.0,GBP,Paid,P239,2025-01-09,800.0,GBP,29.0,0,0
1366,8,GreenLeaf Waste Management,UK,GBP,2024-12-13,2025-01-12,,1180.0,GBP,Overdue,,,,,,1,1180.0
1367,10,BlueWave Marketing,UK,GBP,2024-12-15,2025-01-14,2025-01-18,2250.0,GBP,Paid Late,P240,2025-01-18,2250.0,GBP,34.0,0,0
1368,11,PrimeBeverage Distribution,UK,GBP,2024-12-17,2024-12-31,2024-12-30,740.0,GBP,Paid,P241,2024-12-30,740.0,GBP,13.0,0,0
1369,12,NorthStar Consulting,UK,GBP,2024-12-19,2025-01-18,,3600.0,GBP,Unpaid,,,,,,1,3600.0
1370,14,EuroFresh Produce,NL,EUR,2024-12-21,2025-01-04,2025-01-11,1480.0,EUR,Paid Late,P242,2025-01-11,1480.0,EUR,21.0,0,0
1371,15,FixRight Electrical,UK,GBP,2024-12-23,2025-01-22,2025-01-21,345.0,GBP,Paid,P243,2025-01-21,345.0,GBP,29.0,0,0
1372,16,PrintWorks Media,UK,GBP,2024-12-25,2025-01-24,,700.0,GBP,Unpaid,,,,,,1,700.0
1373,17,SafeRoute Transport,UK,GBP,2024-12-27,2025-01-26,2025-01-30,2020.0,GBP,Paid Late,P244,2025-01-30,2020.0,GBP,34.0,0,0
1374,18,UltraClean Hygiene,UK,GBP,2024-12-29,2025-01-28,2025-01-27,590.0,GBP,Paid,P245,2025-01-27,590.0,GBP,29.0,0,0
1375,19,DataCore Cloud Services,UK,GBP,2024-12-31,2025-01-30,,1100.0,GBP,Unpaid,,,,,,1,1100.0
1376,20,MetroCatering Supplies,UK,GBP,2025-01-02,2025-01-16,2025-01-15,920.0,GBP,Paid,P246,2025-01-15,920.0,GBP,13.0,0,0
1377,1,CleanPro Services,UK,GBP,2025-01-04,2025-02-03,2025-02-07,385.0,GBP,Paid Late,P247,2025-02-07,385.0,GBP,34.0,0,0
1378,3,TechFix IT Support,UK,GBP,2025-01-06,2025-02-05,,1320.0,GBP,Unpaid,,,,,,1,1320.0
1379,2,FreshFoods Wholesale,UK,GBP,2025-01-08,2025-01-22,2025-01-21,2180.0,GBP,Paid,P248,2025-01-21,2180.0,GBP,13.0,0,0
1380,5,EuroLogistics Transport,DE,EUR,2025-01-10,2025-02-09,2025-02-17,2080.0,EUR,Paid Late,P249,2025-02-17,2080.0,EUR,38.0,0,0
1381,7,SecureGuard Maintenance,UK,GBP,2025-01-12,2025-03-13,,6650.0,GBP,Unpaid,,,,,,1,6650.0
1382,4,OfficeHub Supplies,UK,GBP,2025-01-14,2025-02-28,2025-03-03,630.0,GBP,Paid Late,P250,2025-03-03,630.0,GBP,48.0,0,0
1383,6,LinenPro Solutions,UK,GBP,2025-01-16,2025-02-15,2025-02-14,820.0,GBP,Paid,,,,,29.0,0,0
1384,8,GreenLeaf Waste Management,UK,GBP,2025-01-18,2025-02-17,,1200.0,GBP,Overdue,,,,,,1,1200.0
1385,10,BlueWave Marketing,UK,GBP,2025-01-20,2025-02-19,2025-02-23,2320.0,GBP,Paid Late,,,,,34.0,0,0
1386,11,PrimeBeverage Distribution,UK,GBP,2025-01-22,2025-02-05,2025-02-04,760.0,GBP,Paid,,,,,13.0,0,0
1387,12,NorthStar Consulting,UK,GBP,2025-01-24,2025-02-23,,3680.0,GBP,Unpaid,,,,,,1,3680.0
1388,14,EuroFresh Produce,NL,EUR,2025-01-26,2025-02-09,2025-02-16,1520.0,EUR,Paid Late,,,,,21.0,0,0
1389,15,FixRight Electrical,UK,GBP,2025-01-28,2025-02-27,2025-02-26,355.0,GBP,Paid,,,,,29.0,0,0
1390,16,PrintWorks Media,UK,GBP,2025-01-30,2025-03-01,,720.0,GBP,Unpaid,,,,,,1,720.0
1391,17,SafeRoute Transport,UK,GBP,2025-02-01,2025-03-03,2025-03-07,2080.0,GBP,Paid Late,,,,,34.0,0,0
1392,18,UltraClean Hygiene,UK,GBP,2025-02-03,2025-03-05,2025-03-04,610.0,GBP,Paid,,,,,29.0,0,0
1393,19,DataCore Cloud Services,UK,GBP,2025-02-05,2025-03-07,,1120.0,GBP,Unpaid,,,,,,1,1120.0
1394,20,MetroCatering Supplies,UK,GBP,2025-02-07,2025-02-21,2025-02-20,940.0,GBP,Paid,,,,,13.0,0,0
1395,1,CleanPro Services,UK,GBP,2025-02-09,2025-03-11,2025-03-15,395.0,GBP,Paid Late,,,,,34.0,0,0
1396,3,TechFix IT Support,UK,GBP,2025-02-11,2025-03-13,,1350.0,GBP,Unpaid,,,,,,1,1350.0
1397,2,FreshFoods Wholesale,UK,GBP,2025-02-13,2025-02-27,2025-02-26,2220.0,GBP,Paid,,,,,13.0,0,0
1398,5,EuroLogistics Transport,DE,EUR,2025-02-15,2025-03-17,2025-03-25,2120.0,EUR,Paid Late,,,,,38.0,0,0
1399,7,SecureGuard Maintenance,UK,GBP,2025-02-17,2025-04-18,,6800.0,GBP,Unpaid,,,,,,1,6800.0
1400,4,OfficeHub Supplies,UK,GBP,2025-02-19,2025-04-05,2025-04-08,650.0,GBP,Paid Late,,,,,48.0,0,0
